period,y_pct,pi_pct,r_pct,real_rate_pct,pi_annualised_pp,r_annualised_pp,real_rate_annualised_pp,eps_m
0,-0.2591,-0.0881,0.0855,0.1295,-0.3523,0.3420,0.5182,0.2500
1,-0.1295,-0.0440,0.0428,0.0648,-0.1761,0.1710,0.2591,0.1250
2,-0.0648,-0.0220,0.0214,0.0324,-0.0881,0.0855,0.1295,0.0625
3,-0.0324,-0.0110,0.0107,0.0162,-0.0440,0.0428,0.0648,0.0313
4,-0.0162,-0.0055,0.0053,0.0081,-0.0220,0.0214,0.0324,0.0156
5,-0.0081,-0.0028,0.0027,0.0040,-0.0110,0.0107,0.0162,0.0078
6,-0.0040,-0.0014,0.0013,0.0020,-0.0055,0.0053,0.0081,0.0039
7,-0.0020,-0.0007,0.0007,0.0010,-0.0028,0.0027,0.0040,0.0020
8,-0.0010,-0.0003,0.0003,0.0005,-0.0014,0.0013,0.0020,0.0010
9,-0.0005,-0.0002,0.0002,0.0003,-0.0007,0.0007,0.0010,0.0005
10,-0.0003,-0.0001,0.0001,0.0001,-0.0003,0.0003,0.0005,0.0002
11,-0.0001,-0.0000,0.0000,0.0001,-0.0002,0.0002,0.0003,0.0001
12,-0.0001,-0.0000,0.0000,0.0000,-0.0001,0.0001,0.0001,0.0001
13,-0.0000,-0.0000,0.0000,0.0000,-0.0000,0.0000,0.0001,0.0000
14,-0.0000,-0.0000,0.0000,0.0000,-0.0000,0.0000,0.0000,0.0000
15,-0.0000,-0.0000,0.0000,0.0000,-0.0000,0.0000,0.0000,0.0000
16,-0.0000,-0.0000,0.0000,0.0000,-0.0000,0.0000,0.0000,0.0000
17,-0.0000,-0.0000,0.0000,0.0000,-0.0000,0.0000,0.0000,0.0000
18,-0.0000,-0.0000,0.0000,0.0000,-0.0000,0.0000,0.0000,0.0000
19,-0.0000,-0.0000,0.0000,0.0000,-0.0000,0.0000,0.0000,0.0000
20,-0.0000,-0.0000,0.0000,0.0000,-0.0000,0.0000,0.0000,0.0000
