period,y_logdev,c_logdev,i_logdev,pi_logdev,r_logdev,w_logdev,l_logdev,k_logdev,r_k_logdev,q_logdev,mu_p_logdev,mu_w_logdev,y_pct,c_pct,i_pct,pi_pct,r_pct,w_pct,l_pct,k_pct,r_k_pct,q_pct,mu_p_pct,mu_w_pct
0,-0.000000,-0.000000,0.000000,-0.000000,-0.000000,0.000000,0.000000,0.000000,-0.000000,-0.000000,0.000000,-0.000000,-0.0000,-0.0000,0.0000,-0.0000,-0.0000,0.0000,0.0000,0.0000,-0.0000,-0.0000,0.0000,-0.0000
1,-0.000000,-0.000000,0.000000,-0.000000,-0.000000,0.000000,0.000000,0.000000,-0.000000,-0.000000,0.000000,-0.000000,-0.0000,-0.0000,0.0000,-0.0000,-0.0000,0.0000,0.0000,0.0000,-0.0000,-0.0000,0.0000,-0.0000
2,-0.000000,-0.000000,0.000000,-0.000000,-0.000000,0.000000,0.000000,0.000000,-0.000000,-0.000000,0.000000,0.000000,-0.0000,-0.0000,0.0000,-0.0000,-0.0000,0.0000,0.0000,0.0000,-0.0000,-0.0000,0.0000,0.0000
3,-0.000000,-0.000000,0.000000,-0.000000,-0.000000,0.000000,0.000000,0.000000,-0.000000,-0.000000,0.000000,0.000000,-0.0000,-0.0000,0.0000,-0.0000,-0.0000,0.0000,0.0000,0.0000,-0.0000,-0.0000,0.0000,0.0000
4,-0.000000,-0.000000,0.000000,-0.000000,-0.000000,0.000000,0.000000,0.000000,-0.000000,-0.000000,0.000000,0.000000,-0.0000,-0.0000,0.0000,-0.0000,-0.0000,0.0000,0.0000,0.0000,-0.0000,-0.0000,0.0000,0.0000
5,-0.000000,-0.000000,0.000000,-0.000000,-0.000000,0.000000,0.000000,0.000000,-0.000000,-0.000000,0.000000,0.000000,-0.0000,-0.0000,0.0000,-0.0000,-0.0000,0.0000,0.0000,0.0000,-0.0000,-0.0000,0.0000,0.0000
6,-0.000000,-0.000000,0.000000,-0.000000,-0.000000,0.000000,0.000000,0.000000,-0.000000,-0.000000,0.000000,0.000000,-0.0000,-0.0000,0.0000,-0.0000,-0.0000,0.0000,0.0000,0.0000,-0.0000,-0.0000,0.0000,0.0000
7,-0.000000,-0.000000,0.000000,-0.000000,-0.000000,0.000000,0.000000,0.000000,-0.000000,-0.000000,0.000000,0.000000,-0.0000,-0.0000,0.0000,-0.0000,-0.0000,0.0000,0.0000,0.0000,-0.0000,-0.0000,0.0000,0.0000
8,-0.000000,-0.000000,0.000000,-0.000000,-0.000000,0.000000,0.000000,0.000000,-0.000000,-0.000000,0.000000,0.000000,-0.0000,-0.0000,0.0000,-0.0000,-0.0000,0.0000,0.0000,0.0000,-0.0000,-0.0000,0.0000,0.0000
9,-0.000000,-0.000000,0.000000,-0.000000,-0.000000,0.000000,0.000000,0.000000,-0.000000,-0.000000,0.000000,0.000000,-0.0000,-0.0000,0.0000,-0.0000,-0.0000,0.0000,0.0000,0.0000,-0.0000,-0.0000,0.0000,0.0000
10,-0.000000,-0.000000,0.000000,-0.000000,-0.000000,0.000000,0.000000,0.000000,0.000000,0.000000,0.000000,0.000000,-0.0000,-0.0000,0.0000,-0.0000,-0.0000,0.0000,0.0000,0.0000,0.0000,0.0000,0.0000,0.0000
11,-0.000000,-0.000000,0.000000,-0.000000,-0.000000,0.000000,0.000000,0.000000,0.000000,0.000000,0.000000,0.000000,-0.0000,-0.0000,0.0000,-0.0000,-0.0000,0.0000,0.0000,0.0000,0.0000,0.0000,0.0000,0.0000
12,-0.000000,-0.000000,0.000000,-0.000000,-0.000000,0.000000,0.000000,0.000000,0.000000,0.000000,0.000000,0.000000,-0.0000,-0.0000,0.0000,-0.0000,-0.0000,0.0000,0.0000,0.0000,0.0000,0.0000,0.0000,0.0000
13,-0.000000,-0.000000,0.000000,-0.000000,-0.000000,0.000000,0.000000,0.000000,0.000000,0.000000,0.000000,0.000000,-0.0000,-0.0000,0.0000,-0.0000,-0.0000,0.0000,0.0000,0.0000,0.0000,0.0000,0.0000,0.0000
14,-0.000000,-0.000000,0.000000,-0.000000,-0.000000,0.000000,0.000000,0.000000,0.000000,0.000000,0.000000,0.000000,-0.0000,-0.0000,0.0000,-0.0000,-0.0000,0.0000,0.0000,0.0000,0.0000,0.0000,0.0000,0.0000
15,-0.000000,-0.000000,0.000000,-0.000000,-0.000000,0.000000,0.000000,0.000000,0.000000,0.000000,0.000000,0.000000,-0.0000,-0.0000,0.0000,-0.0000,-0.0000,0.0000,0.0000,0.0000,0.0000,0.0000,0.0000,0.0000
16,-0.000000,-0.000000,0.000000,-0.000000,-0.000000,0.000000,0.000000,0.000000,0.000000,0.000000,0.000000,0.000000,-0.0000,-0.0000,0.0000,-0.0000,-0.0000,0.0000,0.0000,0.0000,0.0000,0.0000,0.0000,0.0000
17,-0.000000,-0.000000,0.000000,-0.000000,-0.000000,0.000000,0.000000,0.000000,0.000000,0.000000,0.000000,0.000000,-0.0000,-0.0000,0.0000,-0.0000,-0.0000,0.0000,0.0000,0.0000,0.0000,0.0000,0.0000,0.0000
18,-0.000000,-0.000000,0.000000,-0.000000,-0.000000,0.000000,0.000000,0.000000,0.000000,0.000000,0.000000,0.000000,-0.0000,-0.0000,0.0000,-0.0000,-0.0000,0.0000,0.0000,0.0000,0.0000,0.0000,0.0000,0.0000
19,-0.000000,-0.000000,0.000000,-0.000000,-0.000000,0.000000,0.000000,0.000000,0.000000,0.000000,0.000000,0.000000,-0.0000,-0.0000,0.0000,-0.0000,-0.0000,0.0000,0.0000,0.0000,0.0000,0.0000,0.0000,0.0000
20,-0.000000,-0.000000,0.000000,-0.000000,-0.000000,0.000000,0.000000,0.000000,0.000000,0.000000,0.000000,0.000000,-0.0000,-0.0000,0.0000,-0.0000,-0.0000,0.0000,0.0000,0.0000,0.0000,0.0000,0.0000,0.0000
21,-0.000000,-0.000000,0.000000,-0.000000,-0.000000,0.000000,0.000000,0.000000,0.000000,0.000000,0.000000,0.000000,-0.0000,-0.0000,0.0000,-0.0000,-0.0000,0.0000,0.0000,0.0000,0.0000,0.0000,0.0000,0.0000
22,-0.000000,-0.000000,0.000000,-0.000000,-0.000000,0.000000,0.000000,0.000000,0.000000,0.000000,0.000000,0.000000,-0.0000,-0.0000,0.0000,-0.0000,-0.0000,0.0000,0.0000,0.0000,0.0000,0.0000,0.0000,0.0000
23,-0.000000,-0.000000,0.000000,-0.000000,-0.000000,0.000000,0.000000,0.000000,0.000000,0.000000,0.000000,0.000000,-0.0000,-0.0000,0.0000,-0.0000,-0.0000,0.0000,0.0000,0.0000,0.0000,0.0000,0.0000,0.0000
24,-0.000000,-0.000000,0.000000,-0.000000,-0.000000,0.000000,0.000000,0.000000,0.000000,0.000000,0.000000,0.000000,-0.0000,-0.0000,0.0000,-0.0000,-0.0000,0.0000,0.0000,0.0000,0.0000,0.0000,0.0000,0.0000
25,-0.000000,-0.000000,0.000000,-0.000000,-0.000000,0.000000,0.000000,0.000000,0.000000,0.000000,0.000000,0.000000,-0.0000,-0.0000,0.0000,-0.0000,-0.0000,0.0000,0.0000,0.0000,0.0000,0.0000,0.0000,0.0000
26,-0.000000,-0.000000,0.000000,-0.000000,-0.000000,0.000000,0.000000,0.000000,0.000000,0.000000,0.000000,0.000000,-0.0000,-0.0000,0.0000,-0.0000,-0.0000,0.0000,0.0000,0.0000,0.0000,0.0000,0.0000,0.0000
27,-0.000000,-0.000000,0.000000,-0.000000,-0.000000,0.000000,0.000000,0.000000,0.000000,0.000000,0.000000,0.000000,-0.0000,-0.0000,0.0000,-0.0000,-0.0000,0.0000,0.0000,0.0000,0.0000,0.0000,0.0000,0.0000
28,-0.000000,-0.000000,0.000000,-0.000000,-0.000000,0.000000,0.000000,0.000000,0.000000,0.000000,0.000000,0.000000,-0.0000,-0.0000,0.0000,-0.0000,-0.0000,0.0000,0.0000,0.0000,0.0000,0.0000,0.0000,0.0000
29,-0.000000,-0.000000,0.000000,-0.000000,-0.000000,0.000000,0.000000,0.000000,0.000000,0.000000,0.000000,0.000000,-0.0000,-0.0000,0.0000,-0.0000,-0.0000,0.0000,0.0000,0.0000,0.0000,0.0000,0.0000,0.0000
30,-0.000000,-0.000000,0.000000,-0.000000,-0.000000,0.000000,0.000000,0.000000,0.000000,0.000000,0.000000,0.000000,-0.0000,-0.0000,0.0000,-0.0000,-0.0000,0.0000,0.0000,0.0000,0.0000,0.0000,0.0000,0.0000
31,-0.000000,-0.000000,0.000000,-0.000000,-0.000000,0.000000,0.000000,0.000000,0.000000,0.000000,0.000000,0.000000,-0.0000,-0.0000,0.0000,-0.0000,-0.0000,0.0000,0.0000,0.0000,0.0000,0.0000,0.0000,0.0000
32,-0.000000,-0.000000,0.000000,-0.000000,-0.000000,0.000000,0.000000,0.000000,0.000000,0.000000,0.000000,0.000000,-0.0000,-0.0000,0.0000,-0.0000,-0.0000,0.0000,0.0000,0.0000,0.0000,0.0000,0.0000,0.0000
33,-0.000000,-0.000000,0.000000,-0.000000,-0.000000,0.000000,0.000000,0.000000,0.000000,0.000000,0.000000,0.000000,-0.0000,-0.0000,0.0000,-0.0000,-0.0000,0.0000,0.0000,0.0000,0.0000,0.0000,0.0000,0.0000
34,-0.000000,-0.000000,0.000000,-0.000000,-0.000000,0.000000,0.000000,0.000000,0.000000,0.000000,0.000000,0.000000,-0.0000,-0.0000,0.0000,-0.0000,-0.0000,0.0000,0.0000,0.0000,0.0000,0.0000,0.0000,0.0000
35,-0.000000,-0.000000,0.000000,-0.000000,-0.000000,0.000000,0.000000,0.000000,0.000000,0.000000,0.000000,0.000000,-0.0000,-0.0000,0.0000,-0.0000,-0.0000,0.0000,0.0000,0.0000,0.0000,0.0000,0.0000,0.0000
36,-0.000000,-0.000000,0.000001,-0.000000,-0.000000,0.000000,0.000000,0.000000,0.000000,0.000000,0.000000,0.000000,-0.0000,-0.0000,0.0001,-0.0000,-0.0000,0.0000,0.0000,0.0000,0.0000,0.0000,0.0000,0.0000
37,-0.000000,-0.000000,0.000002,-0.000000,-0.000000,0.000000,0.000000,0.000000,0.000000,0.000000,0.000000,0.000000,-0.0000,-0.0000,0.0002,-0.0000,-0.0000,0.0000,0.0000,0.0000,0.0000,0.0000,0.0000,0.0000
38,-0.000000,-0.000000,0.000003,-0.000000,-0.000000,0.000000,0.000000,0.000000,0.000000,0.000000,0.000000,0.000000,-0.0000,-0.0000,0.0003,-0.0000,-0.0000,0.0000,0.0000,0.0000,0.0000,0.0000,0.0000,0.0000
39,-0.000000,-0.000000,0.000006,-0.000000,-0.000000,0.000000,0.000000,0.000000,0.000000,0.000000,0.000000,0.000000,-0.0000,-0.0000,0.0006,-0.0000,-0.0000,0.0000,0.0000,0.0000,0.0000,0.0000,0.0000,0.0000
40,-0.000000,-0.000000,0.000012,-0.000000,-0.000000,0.000000,0.000000,0.000000,0.000000,0.000000,0.000000,0.000000,-0.0000,-0.0000,0.0012,-0.0000,-0.0000,0.0000,0.0000,0.0000,0.0000,0.0000,0.0000,0.0000
