tariff_A_on_B_MAN,A_welfare_pct
0.00,0.000000
0.01,0.004157
0.02,0.007709
0.03,0.010708
0.04,0.013203
0.05,0.015237
0.06,0.016852
0.07,0.018086
0.08,0.018972
0.09,0.019544
0.10,0.019830
0.11,0.019857
0.12,0.019650
0.13,0.019232
0.14,0.018624
0.15,0.017844
0.16,0.016912
0.17,0.015842
0.18,0.014650
0.19,0.013349
0.20,0.011952
0.21,0.010471
0.22,0.008914
0.23,0.007293
0.24,0.005616
0.25,0.003891
0.26,0.002125
0.27,0.000325
0.28,-0.001503
0.29,-0.003353
0.30,-0.005221
0.31,-0.007102
0.32,-0.008992
0.33,-0.010886
0.34,-0.012783
0.35,-0.014677
0.36,-0.016567
0.37,-0.018451
0.38,-0.020325
0.39,-0.022188
0.40,-0.024038
0.41,-0.025873
0.42,-0.027693
0.43,-0.029495
0.44,-0.031278
0.45,-0.033042
0.46,-0.034786
0.47,-0.036509
0.48,-0.038210
0.49,-0.039889
0.50,-0.041545
0.51,-0.043178
0.52,-0.044787
0.53,-0.046373
0.54,-0.047935
0.55,-0.049474
0.56,-0.050988
0.57,-0.052478
0.58,-0.053944
0.59,-0.055387
0.60,-0.056805
